Code Domaine;Domaine;Code zone (FAO);Zone;Code Élément;Élément;Code Produit;Produit;Code année;Année;Unité;Valeur;Symbole;Description du Symbole
FBS;Nouveaux Bilans Alimentaire;2;Afghanistan;5511;Production;2734;Viande de Volailles;2017;2017;Milliers de tonnes;28;Im;Données de la FAO basées sur une méthodologie d'imputation
FBS;Nouveaux Bilans Alimentaire;2;Afghanistan;5142;Nourriture;2734;Viande de Volailles;2017;2017;Milliers de tonnes;57;Im;Données de la FAO basées sur une méthodologie d'imputation
FBS;Nouveaux Bilans Alimentaire;202;Afrique du Sud;5511;Production;2734;Viande de Volailles;2017;2017;Milliers de tonnes;1665;Im;Données de la FAO basées sur une méthodologie d'imputation
FBS;Nouveaux Bilans Alimentaire;202;Afrique du Sud;5142;Nourriture;2734;Viande de Volailles;2017;2017;Milliers de tonnes;2118;Im;Données de la FAO basées sur une méthodologie d'imputation
FBS;Nouveaux Bilans Alimentaire;3;Albanie;5511;Production;2734;Viande de Volailles;2017;2017;Milliers de tonnes;13;Im;Données de la FAO basées sur une méthodologie d'imputation
FBS;Nouveaux Bilans Alimentaire;3;Albanie;5142;Nourriture;2734;Viande de Volailles;2017;2017;Milliers de tonnes;33;Im;Données de la FAO basées sur une méthodologie d'imputation
FBS;Nouveaux Bilans Alimentaire;4;Algérie;5511;Production;2734;Viande de Volailles;2017;2017;Milliers de tonnes;297;Im;Données de la FAO basées sur une méthodologie d'imputation
FBS;Nouveaux Bilans Alimentaire;4;Algérie;5142;Nourriture;2734;Viande de Volailles;2017;2017;Milliers de tonnes;304;Im;Données de la FAO basées sur une méthodologie d'imputation
FBS;Nouveaux Bilans Alimentaire;79;Allemagne;5511;Production;2734;Viande de Volailles;2017;2017;Milliers de tonnes;1514;Im;Données de la FAO basées sur une méthodologie d'imputation
FBS;Nouveaux Bilans Alimentaire;79;Allemagne;5142;Nourriture;2734;Viande de Volailles;2017;2017;Milliers de tonnes;1492;Im;Données de la FAO basées sur une méthodologie d'imputation
FBS;Nouveaux Bilans Alimentaire;7;Angola;5511;Production;2734;Viande de Volailles;2017;2017;Milliers de tonnes;27;Im;Données de la FAO basées sur une méthodologie d'imputation
FBS;Nouveaux Bilans Alimentaire;7;Angola;5142;Nourriture;2734;Viande de Volailles;2017;2017;Milliers de tonnes;304;Im;Données de la FAO basées sur une méthodologie d'imputation
FBS;Nouveaux Bilans Alimentaire;8;Antigua-et-Barbuda;5511;Production;2734;Viande de Volailles;2017;2017;Milliers de tonnes;0;Im;Données de la FAO basées sur une méthodologie d'imputation
FBS;Nouveaux Bilans Alimentaire;8;Antigua-et-Barbuda;5142;Nourriture;2734;Viande de Volailles;2017;2017;Milliers de tonnes;5;Im;Données de la FAO basées sur une méthodologie d'imputation
FBS;Nouveaux Bilans Alimentaire;194;Arabie saoudite;5511;Production;2734;Viande de Volailles;2017;2017;Milliers de tonnes;540;Im;Données de la FAO basées sur une méthodologie d'imputation
FBS;Nouveaux Bilans Alimentaire;194;Arabie saoudite;5142;Nourriture;2734;Viande de Volailles;2017;2017;Milliers de tonnes;1259;Im;Données de la FAO basées sur une méthodologie d'imputation
FBS;Nouveaux Bilans Alimentaire;9;Argentine;5511;Production;2734;Viande de Volailles;2017;2017;Milliers de tonnes;2162;Im;Données de la FAO basées sur une méthodologie d'imputation
FBS;Nouveaux Bilans Alimentaire;9;Argentine;5142;Nourriture;2734;Viande de Volailles;2017;2017;Milliers de tonnes;1962;Im;Données de la FAO basées sur une méthodologie d'imputation
FBS;Nouveaux Bilans Alimentaire;1;Arménie;5511;Production;2734;Viande de Volailles;2017;2017;Milliers de tonnes;11;Im;Données de la FAO basées sur une méthodologie d'imputation
FBS;Nouveaux Bilans Alimentaire;1;Arménie;5142;Nourriture;2734;Viande de Volailles;2017;2017;Milliers de tonnes;45;Im;Données de la FAO basées sur une méthodologie d'imputation
FBS;Nouveaux Bilans Alimentaire;10;Australie;5511;Production;2734;Viande de Volailles;2017;2017;Milliers de tonnes;1271;Im;Données de la FAO basées sur une méthodologie d'imputation
FBS;Nouveaux Bilans Alimentaire;10;Australie;5142;Nourriture;2734;Viande de Volailles;2017;2017;Milliers de tonnes;1245;Im;Données de la FAO basées sur une méthodologie d'imputation
FBS;Nouveaux Bilans Alimentaire;11;Autriche;5511;Production;2734;Viande de Volailles;2017;2017;Milliers de tonnes;148;Im;Données de la FAO basées sur une méthodologie d'imputation
FBS;Nouveaux Bilans Alimentaire;11;Autriche;5142;Nourriture;2734;Viande de Volailles;2017;2017;Milliers de tonnes;160;Im;Données de la FAO basées sur une méthodologie d'imputation
FBS;Nouveaux Bilans Alimentaire;52;Azerbaïdjan;5511;Production;2734;Viande de Volailles;2017;2017;Milliers de tonnes;104;Im;Données de la FAO basées sur une méthodologie d'imputation
FBS;Nouveaux Bilans Alimentaire;52;Azerbaïdjan;5142;Nourriture;2734;Viande de Volailles;2017;2017;Milliers de tonnes;129;Im;Données de la FAO basées sur une méthodologie d'imputation
FBS;Nouveaux Bilans Alimentaire;12;Bahamas;5511;Production;2734;Viande de Volailles;2017;2017;Milliers de tonnes;7;Im;Données de la FAO basées sur une méthodologie d'imputation
FBS;Nouveaux Bilans Alimentaire;12;Bahamas;5142;Nourriture;2734;Viande de Volailles;2017;2017;Milliers de tonnes;20;Im;Données de la FAO basées sur une méthodologie d'imputation
FBS;Nouveaux Bilans Alimentaire;16;Bangladesh;5511;Production;2734;Viande de Volailles;2017;2017;Milliers de tonnes;249;Im;Données de la FAO basées sur une méthodologie d'imputation
FBS;Nouveaux Bilans Alimentaire;16;Bangladesh;5142;Nourriture;2734;Viande de Volailles;2017;2017;Milliers de tonnes;257;Im;Données de la FAO basées sur une méthodologie d'imputation
FBS;Nouveaux Bilans Alimentaire;14;Barbade;5511;Production;2734;Viande de Volailles;2017;2017;Milliers de tonnes;16;Im;Données de la FAO basées sur une méthodologie d'imputation
FBS;Nouveaux Bilans Alimentaire;14;Barbade;5142;Nourriture;2734;Viande de Volailles;2017;2017;Milliers de tonnes;13;Im;Données de la FAO basées sur une méthodologie d'imputation
FBS;Nouveaux Bilans Alimentaire;57;Bélarus;5511;Production;2734;Viande de Volailles;2017;2017;Milliers de tonnes;463;Im;Données de la FAO basées sur une méthodologie d'imputation
FBS;Nouveaux Bilans Alimentaire;57;Bélarus;5142;Nourriture;2734;Viande de Volailles;2017;2017;Milliers de tonnes;264;Im;Données de la FAO basées sur une méthodologie d'imputation
FBS;Nouveaux Bilans Alimentaire;255;Belgique;5511;Production;2734;Viande de Volailles;2017;2017;Milliers de tonnes;463;Im;Données de la FAO basées sur une méthodologie d'imputation
FBS;Nouveaux Bilans Alimentaire;255;Belgique;5142;Nourriture;2734;Viande de Volailles;2017;2017;Milliers de tonnes;128;Im;Données de la FAO basées sur une méthodologie d'imputation
FBS;Nouveaux Bilans Alimentaire;23;Belize;5511;Production;2734;Viande de Volailles;2017;2017;Milliers de tonnes;20;Im;Données de la FAO basées sur une méthodologie d'imputation
FBS;Nouveaux Bilans Alimentaire;23;Belize;5142;Nourriture;2734;Viande de Volailles;2017;2017;Milliers de tonnes;10;Im;Données de la FAO basées sur une méthodologie d'imputation
FBS;Nouveaux Bilans Alimentaire;53;Bénin;5511;Production;2734;Viande de Volailles;2017;2017;Milliers de tonnes;14;Im;Données de la FAO basées sur une méthodologie d'imputation
FBS;Nouveaux Bilans Alimentaire;53;Bénin;5142;Nourriture;2734;Viande de Volailles;2017;2017;Milliers de tonnes;124;Im;Données de la FAO basées sur une méthodologie d'imputation
FBS;Nouveaux Bilans Alimentaire;19;Bolivie (État plurinational de);5511;Production;2734;Viande de Volailles;2017;2017;Milliers de tonnes;506;Im;Données de la FAO basées sur une méthodologie d'imputation
FBS;Nouveaux Bilans Alimentaire;19;Bolivie (État plurinational de);5142;Nourriture;2734;Viande de Volailles;2017;2017;Milliers de tonnes;506;Im;Données de la FAO basées sur une méthodologie d'imputation
FBS;Nouveaux Bilans Alimentaire;80;Bosnie-Herzégovine;5511;Production;2734;Viande de Volailles;2017;2017;Milliers de tonnes;61;Im;Données de la FAO basées sur une méthodologie d'imputation
FBS;Nouveaux Bilans Alimentaire;80;Bosnie-Herzégovine;5142;Nourriture;2734;Viande de Volailles;2017;2017;Milliers de tonnes;63;Im;Données de la FAO basées sur une méthodologie d'imputation
FBS;Nouveaux Bilans Alimentaire;20;Botswana;5511;Production;2734;Viande de Volailles;2017;2017;Milliers de tonnes;5;Im;Données de la FAO basées sur une méthodologie d'imputation
FBS;Nouveaux Bilans Alimentaire;20;Botswana;5142;Nourriture;2734;Viande de Volailles;2017;2017;Milliers de tonnes;7;Im;Données de la FAO basées sur une méthodologie d'imputation
FBS;Nouveaux Bilans Alimentaire;21;Brésil;5511;Production;2734;Viande de Volailles;2017;2017;Milliers de tonnes;14168;Im;Données de la FAO basées sur une méthodologie d'imputation
FBS;Nouveaux Bilans Alimentaire;21;Brésil;5142;Nourriture;2734;Viande de Volailles;2017;2017;Milliers de tonnes;9902;Im;Données de la FAO basées sur une méthodologie d'imputation
FBS;Nouveaux Bilans Alimentaire;27;Bulgarie;5511;Production;2734;Viande de Volailles;2017;2017;Milliers de tonnes;107;Im;Données de la FAO basées sur une méthodologie d'imputation
FBS;Nouveaux Bilans Alimentaire;27;Bulgarie;5142;Nourriture;2734;Viande de Volailles;2017;2017;Milliers de tonnes;157;Im;Données de la FAO basées sur une méthodologie d'imputation
FBS;Nouveaux Bilans Alimentaire;233;Burkina Faso;5511;Production;2734;Viande de Volailles;2017;2017;Milliers de tonnes;48;Im;Données de la FAO basées sur une méthodologie d'imputation
FBS;Nouveaux Bilans Alimentaire;233;Burkina Faso;5142;Nourriture;2734;Viande de Volailles;2017;2017;Milliers de tonnes;48;Im;Données de la FAO basées sur une méthodologie d'imputation
FBS;Nouveaux Bilans Alimentaire;35;Cabo Verde;5511;Production;2734;Viande de Volailles;2017;2017;Milliers de tonnes;1;Im;Données de la FAO basées sur une méthodologie d'imputation
FBS;Nouveaux Bilans Alimentaire;35;Cabo Verde;5142;Nourriture;2734;Viande de Volailles;2017;2017;Milliers de tonnes;9;Im;Données de la FAO basées sur une méthodologie d'imputation
FBS;Nouveaux Bilans Alimentaire;115;Cambodge;5511;Production;2734;Viande de Volailles;2017;2017;Milliers de tonnes;27;Im;Données de la FAO basées sur une méthodologie d'imputation
FBS;Nouveaux Bilans Alimentaire;115;Cambodge;5142;Nourriture;2734;Viande de Volailles;2017;2017;Milliers de tonnes;37;Im;Données de la FAO basées sur une méthodologie d'imputation
FBS;Nouveaux Bilans Alimentaire;32;Cameroun;5511;Production;2734;Viande de Volailles;2017;2017;Milliers de tonnes;76;Im;Données de la FAO basées sur une méthodologie d'imputation
FBS;Nouveaux Bilans Alimentaire;32;Cameroun;5142;Nourriture;2734;Viande de Volailles;2017;2017;Milliers de tonnes;77;Im;Données de la FAO basées sur une méthodologie d'imputation
FBS;Nouveaux Bilans Alimentaire;33;Canada;5511;Production;2734;Viande de Volailles;2017;2017;Milliers de tonnes;1418;Im;Données de la FAO basées sur une méthodologie d'imputation
FBS;Nouveaux Bilans Alimentaire;33;Canada;5142;Nourriture;2734;Viande de Volailles;2017;2017;Milliers de tonnes;1431;Im;Données de la FAO basées sur une méthodologie d'imputation
FBS;Nouveaux Bilans Alimentaire;40;Chili;5511;Production;2734;Viande de Volailles;2017;2017;Milliers de tonnes;703;Im;Données de la FAO basées sur une méthodologie d'imputation
FBS;Nouveaux Bilans Alimentaire;40;Chili;5142;Nourriture;2734;Viande de Volailles;2017;2017;Milliers de tonnes;736;Im;Données de la FAO basées sur une méthodologie d'imputation
FBS;Nouveaux Bilans Alimentaire;351;Chine;5511;Production;2734;Viande de Volailles;2017;2017;Milliers de tonnes;20069;A;Agrégat, peut inclure des données officielles, semi-officielles, estimées ou calculées
FBS;Nouveaux Bilans Alimentaire;351;Chine;5142;Nourriture;2734;Viande de Volailles;2017;2017;Milliers de tonnes;20535;A;Agrégat, peut inclure des données officielles, semi-officielles, estimées ou calculées
FBS;Nouveaux Bilans Alimentaire;96;Chine - RAS de Hong-Kong;5511;Production;2734;Viande de Volailles;2017;2017;Milliers de tonnes;24;Im;Données de la FAO basées sur une méthodologie d'imputation
FBS;Nouveaux Bilans Alimentaire;96;Chine - RAS de Hong-Kong;5142;Nourriture;2734;Viande de Volailles;2017;2017;Milliers de tonnes;334;Im;Données de la FAO basées sur une méthodologie d'imputation
FBS;Nouveaux Bilans Alimentaire;128;Chine - RAS de Macao;5511;Production;2734;Viande de Volailles;2017;2017;Milliers de tonnes;4;Im;Données de la FAO basées sur une méthodologie d'imputation
FBS;Nouveaux Bilans Alimentaire;128;Chine - RAS de Macao;5142;Nourriture;2734;Viande de Volailles;2017;2017;Milliers de tonnes;21;Im;Données de la FAO basées sur une méthodologie d'imputation
FBS;Nouveaux Bilans Alimentaire;41;Chine, continentale;5511;Production;2734;Viande de Volailles;2017;2017;Milliers de tonnes;19384;Im;Données de la FAO basées sur une méthodologie d'imputation
FBS;Nouveaux Bilans Alimentaire;41;Chine, continentale;5142;Nourriture;2734;Viande de Volailles;2017;2017;Milliers de tonnes;19388;Im;Données de la FAO basées sur une méthodologie d'imputation
FBS;Nouveaux Bilans Alimentaire;214;Chine, Taiwan Province de;5511;Production;2734;Viande de Volailles;2017;2017;Milliers de tonnes;657;Im;Données de la FAO basées sur une méthodologie d'imputation
FBS;Nouveaux Bilans Alimentaire;214;Chine, Taiwan Province de;5142;Nourriture;2734;Viande de Volailles;2017;2017;Milliers de tonnes;791;Im;Données de la FAO basées sur une méthodologie d'imputation
FBS;Nouveaux Bilans Alimentaire;50;Chypre;5511;Production;2734;Viande de Volailles;2017;2017;Milliers de tonnes;25;Im;Données de la FAO basées sur une méthodologie d'imputation
FBS;Nouveaux Bilans Alimentaire;50;Chypre;5142;Nourriture;2734;Viande de Volailles;2017;2017;Milliers de tonnes;30;Im;Données de la FAO basées sur une méthodologie d'imputation
FBS;Nouveaux Bilans Alimentaire;44;Colombie;5511;Production;2734;Viande de Volailles;2017;2017;Milliers de tonnes;1564;Im;Données de la FAO basées sur une méthodologie d'imputation
FBS;Nouveaux Bilans Alimentaire;44;Colombie;5142;Nourriture;2734;Viande de Volailles;2017;2017;Milliers de tonnes;1639;Im;Données de la FAO basées sur une méthodologie d'imputation
FBS;Nouveaux Bilans Alimentaire;46;Congo;5511;Production;2734;Viande de Volailles;2017;2017;Milliers de tonnes;7;Im;Données de la FAO basées sur une méthodologie d'imputation
FBS;Nouveaux Bilans Alimentaire;46;Congo;5142;Nourriture;2734;Viande de Volailles;2017;2017;Milliers de tonnes;107;Im;Données de la FAO basées sur une méthodologie d'imputation
FBS;Nouveaux Bilans Alimentaire;48;Costa Rica;5511;Production;2734;Viande de Volailles;2017;2017;Milliers de tonnes;133;Im;Données de la FAO basées sur une méthodologie d'imputation
FBS;Nouveaux Bilans Alimentaire;48;Costa Rica;5142;Nourriture;2734;Viande de Volailles;2017;2017;Milliers de tonnes;131;Im;Données de la FAO basées sur une méthodologie d'imputation
FBS;Nouveaux Bilans Alimentaire;107;Côte d'Ivoire;5511;Production;2734;Viande de Volailles;2017;2017;Milliers de tonnes;45;Im;Données de la FAO basées sur une méthodologie d'imputation
FBS;Nouveaux Bilans Alimentaire;107;Côte d'Ivoire;5142;Nourriture;2734;Viande de Volailles;2017;2017;Milliers de tonnes;45;Im;Données de la FAO basées sur une méthodologie d'imputation
FBS;Nouveaux Bilans Alimentaire;98;Croatie;5511;Production;2734;Viande de Volailles;2017;2017;Milliers de tonnes;66;Im;Données de la FAO basées sur une méthodologie d'imputation
FBS;Nouveaux Bilans Alimentaire;98;Croatie;5142;Nourriture;2734;Viande de Volailles;2017;2017;Milliers de tonnes;45;Im;Données de la FAO basées sur une méthodologie d'imputation
FBS;Nouveaux Bilans Alimentaire;49;Cuba;5511;Production;2734;Viande de Volailles;2017;2017;Milliers de tonnes;29;Im;Données de la FAO basées sur une méthodologie d'imputation
FBS;Nouveaux Bilans Alimentaire;49;Cuba;5142;Nourriture;2734;Viande de Volailles;2017;2017;Milliers de tonnes;323;Im;Données de la FAO basées sur une méthodologie d'imputation
FBS;Nouveaux Bilans Alimentaire;54;Danemark;5511;Production;2734;Viande de Volailles;2017;2017;Milliers de tonnes;152;Im;Données de la FAO basées sur une méthodologie d'imputation
FBS;Nouveaux Bilans Alimentaire;54;Danemark;5142;Nourriture;2734;Viande de Volailles;2017;2017;Milliers de tonnes;145;Im;Données de la FAO basées sur une méthodologie d'imputation
FBS;Nouveaux Bilans Alimentaire;72;Djibouti;5142;Nourriture;2734;Viande de Volailles;2017;2017;Milliers de tonnes;3;Im;Données de la FAO basées sur une méthodologie d'imputation
FBS;Nouveaux Bilans Alimentaire;55;Dominique;5511;Production;2734;Viande de Volailles;2017;2017;Milliers de tonnes;0;Im;Données de la FAO basées sur une méthodologie d'imputation
FBS;Nouveaux Bilans Alimentaire;55;Dominique;5142;Nourriture;2734;Viande de Volailles;2017;2017;Milliers de tonnes;3;Im;Données de la FAO basées sur une méthodologie d'imputation
FBS;Nouveaux Bilans Alimentaire;59;Égypte;5511;Production;2734;Viande de Volailles;2017;2017;Milliers de tonnes;1429;Im;Données de la FAO basées sur une méthodologie d'imputation
FBS;Nouveaux Bilans Alimentaire;59;Égypte;5142;Nourriture;2734;Viande de Volailles;2017;2017;Milliers de tonnes;1555;Im;Données de la FAO basées sur une méthodologie d'imputation
FBS;Nouveaux Bilans Alimentaire;60;El Salvador;5511;Production;2734;Viande de Volailles;2017;2017;Milliers de tonnes;136;Im;Données de la FAO basées sur une méthodologie d'imputation
FBS;Nouveaux Bilans Alimentaire;60;El Salvador;5142;Nourriture;2734;Viande de Volailles;2017;2017;Milliers de tonnes;150;Im;Données de la FAO basées sur une méthodologie d'imputation
FBS;Nouveaux Bilans Alimentaire;225;Émirats arabes unis;5511;Production;2734;Viande de Volailles;2017;2017;Milliers de tonnes;47;Im;Données de la FAO basées sur une méthodologie d'imputation
FBS;Nouveaux Bilans Alimentaire;225;Émirats arabes unis;5142;Nourriture;2734;Viande de Volailles;2017;2017;Milliers de tonnes;420;Im;Données de la FAO basées sur une méthodologie d'imputation
FBS;Nouveaux Bilans Alimentaire;58;Équateur;5511;Production;2734;Viande de Volailles;2017;2017;Milliers de tonnes;340;Im;Données de la FAO basées sur une méthodologie d'imputation
FBS;Nouveaux Bilans Alimentaire;58;Équateur;5142;Nourriture;2734;Viande de Volailles;2017;2017;Milliers de tonnes;340;Im;Données de la FAO basées sur une méthodologie d'imputation
FBS;Nouveaux Bilans Alimentaire;203;Espagne;5511;Production;2734;Viande de Volailles;2017;2017;Milliers de tonnes;1515;Im;Données de la FAO basées sur une méthodologie d'imputation
FBS;Nouveaux Bilans Alimentaire;203;Espagne;5142;Nourriture;2734;Viande de Volailles;2017;2017;Milliers de tonnes;1415;Im;Données de la FAO basées sur une méthodologie d'imputation
FBS;Nouveaux Bilans Alimentaire;63;Estonie;5511;Production;2734;Viande de Volailles;2017;2017;Milliers de tonnes;20;Im;Données de la FAO basées sur une méthodologie d'imputation
FBS;Nouveaux Bilans Alimentaire;63;Estonie;5142;Nourriture;2734;Viande de Volailles;2017;2017;Milliers de tonnes;28;Im;Données de la FAO basées sur une méthodologie d'imputation
FBS;Nouveaux Bilans Alimentaire;209;Eswatini;5511;Production;2734;Viande de Volailles;2017;2017;Milliers de tonnes;6;Im;Données de la FAO basées sur une méthodologie d'imputation
FBS;Nouveaux Bilans Alimentaire;209;Eswatini;5142;Nourriture;2734;Viande de Volailles;2017;2017;Milliers de tonnes;7;Im;Données de la FAO basées sur une méthodologie d'imputation
FBS;Nouveaux Bilans Alimentaire;231;États-Unis d'Amérique;5511;Production;2734;Viande de Volailles;2017;2017;Milliers de tonnes;21914;Im;Données de la FAO basées sur une méthodologie d'imputation
FBS;Nouveaux Bilans Alimentaire;231;États-Unis d'Amérique;5142;Nourriture;2734;Viande de Volailles;2017;2017;Milliers de tonnes;18140;Im;Données de la FAO basées sur une méthodologie d'imputation
FBS;Nouveaux Bilans Alimentaire;238;Éthiopie;5511;Production;2734;Viande de Volailles;2017;2017;Milliers de tonnes;71;Im;Données de la FAO basées sur une méthodologie d'imputation
FBS;Nouveaux Bilans Alimentaire;238;Éthiopie;5142;Nourriture;2734;Viande de Volailles;2017;2017;Milliers de tonnes;72;Im;Données de la FAO basées sur une méthodologie d'imputation
FBS;Nouveaux Bilans Alimentaire;185;Fédération de Russie;5511;Production;2734;Viande de Volailles;2017;2017;Milliers de tonnes;4542;Im;Données de la FAO basées sur une méthodologie d'imputation
FBS;Nouveaux Bilans Alimentaire;185;Fédération de Russie;5142;Nourriture;2734;Viande de Volailles;2017;2017;Milliers de tonnes;4634;Im;Données de la FAO basées sur une méthodologie d'imputation
FBS;Nouveaux Bilans Alimentaire;66;Fidji;5511;Production;2734;Viande de Volailles;2017;2017;Milliers de tonnes;34;Im;Données de la FAO basées sur une méthodologie d'imputation
FBS;Nouveaux Bilans Alimentaire;66;Fidji;5142;Nourriture;2734;Viande de Volailles;2017;2017;Milliers de tonnes;22;Im;Données de la FAO basées sur une méthodologie d'imputation
FBS;Nouveaux Bilans Alimentaire;67;Finlande;5511;Production;2734;Viande de Volailles;2017;2017;Milliers de tonnes;129;Im;Données de la FAO basées sur une méthodologie d'imputation
FBS;Nouveaux Bilans Alimentaire;67;Finlande;5142;Nourriture;2734;Viande de Volailles;2017;2017;Milliers de tonnes;104;Im;Données de la FAO basées sur une méthodologie d'imputation
FBS;Nouveaux Bilans Alimentaire;68;France;5511;Production;2734;Viande de Volailles;2017;2017;Milliers de tonnes;1750;Im;Données de la FAO basées sur une méthodologie d'imputation
FBS;Nouveaux Bilans Alimentaire;68;France;5142;Nourriture;2734;Viande de Volailles;2017;2017;Milliers de tonnes;1482;Im;Données de la FAO basées sur une méthodologie d'imputation
FBS;Nouveaux Bilans Alimentaire;74;Gabon;5511;Production;2734;Viande de Volailles;2017;2017;Milliers de tonnes;4;Im;Données de la FAO basées sur une méthodologie d'imputation
FBS;Nouveaux Bilans Alimentaire;74;Gabon;5142;Nourriture;2734;Viande de Volailles;2017;2017;Milliers de tonnes;61;Im;Données de la FAO basées sur une méthodologie d'imputation
FBS;Nouveaux Bilans Alimentaire;75;Gambie;5511;Production;2734;Viande de Volailles;2017;2017;Milliers de tonnes;2;Im;Données de la FAO basées sur une méthodologie d'imputation
FBS;Nouveaux Bilans Alimentaire;75;Gambie;5142;Nourriture;2734;Viande de Volailles;2017;2017;Milliers de tonnes;8;Im;Données de la FAO basées sur une méthodologie d'imputation
FBS;Nouveaux Bilans Alimentaire;73;Géorgie;5511;Production;2734;Viande de Volailles;2017;2017;Milliers de tonnes;22;Im;Données de la FAO basées sur une méthodologie d'imputation
FBS;Nouveaux Bilans Alimentaire;73;Géorgie;5142;Nourriture;2734;Viande de Volailles;2017;2017;Milliers de tonnes;61;Im;Données de la FAO basées sur une méthodologie d'imputation
FBS;Nouveaux Bilans Alimentaire;81;Ghana;5511;Production;2734;Viande de Volailles;2017;2017;Milliers de tonnes;58;Im;Données de la FAO basées sur une méthodologie d'imputation
FBS;Nouveaux Bilans Alimentaire;81;Ghana;5142;Nourriture;2734;Viande de Volailles;2017;2017;Milliers de tonnes;209;Im;Données de la FAO basées sur une méthodologie d'imputation
FBS;Nouveaux Bilans Alimentaire;84;Grèce;5511;Production;2734;Viande de Volailles;2017;2017;Milliers de tonnes;246;Im;Données de la FAO basées sur une méthodologie d'imputation
FBS;Nouveaux Bilans Alimentaire;84;Grèce;5142;Nourriture;2734;Viande de Volailles;2017;2017;Milliers de tonnes;162;Im;Données de la FAO basées sur une méthodologie d'imputation
FBS;Nouveaux Bilans Alimentaire;86;Grenade;5511;Production;2734;Viande de Volailles;2017;2017;Milliers de tonnes;1;Im;Données de la FAO basées sur une méthodologie d'imputation
FBS;Nouveaux Bilans Alimentaire;86;Grenade;5142;Nourriture;2734;Viande de Volailles;2017;2017;Milliers de tonnes;5;Im;Données de la FAO basées sur une méthodologie d'imputation
FBS;Nouveaux Bilans Alimentaire;89;Guatemala;5511;Production;2734;Viande de Volailles;2017;2017;Milliers de tonnes;224;Im;Données de la FAO basées sur une méthodologie d'imputation
FBS;Nouveaux Bilans Alimentaire;89;Guatemala;5142;Nourriture;2734;Viande de Volailles;2017;2017;Milliers de tonnes;328;Im;Données de la FAO basées sur une méthodologie d'imputation
FBS;Nouveaux Bilans Alimentaire;90;Guinée;5511;Production;2734;Viande de Volailles;2017;2017;Milliers de tonnes;15;Im;Données de la FAO basées sur une méthodologie d'imputation
FBS;Nouveaux Bilans Alimentaire;90;Guinée;5142;Nourriture;2734;Viande de Volailles;2017;2017;Milliers de tonnes;25;Im;Données de la FAO basées sur une méthodologie d'imputation
FBS;Nouveaux Bilans Alimentaire;175;Guinée-Bissau;5511;Production;2734;Viande de Volailles;2017;2017;Milliers de tonnes;3;Im;Données de la FAO basées sur une méthodologie d'imputation
FBS;Nouveaux Bilans Alimentaire;175;Guinée-Bissau;5142;Nourriture;2734;Viande de Volailles;2017;2017;Milliers de tonnes;4;Im;Données de la FAO basées sur une méthodologie d'imputation
FBS;Nouveaux Bilans Alimentaire;91;Guyana;5511;Production;2734;Viande de Volailles;2017;2017;Milliers de tonnes;31;Im;Données de la FAO basées sur une méthodologie d'imputation
FBS;Nouveaux Bilans Alimentaire;91;Guyana;5142;Nourriture;2734;Viande de Volailles;2017;2017;Milliers de tonnes;30;Im;Données de la FAO basées sur une méthodologie d'imputation
FBS;Nouveaux Bilans Alimentaire;93;Haïti;5511;Production;2734;Viande de Volailles;2017;2017;Milliers de tonnes;9;Im;Données de la FAO basées sur une méthodologie d'imputation
FBS;Nouveaux Bilans Alimentaire;93;Haïti;5142;Nourriture;2734;Viande de Volailles;2017;2017;Milliers de tonnes;91;Im;Données de la FAO basées sur une méthodologie d'imputation
FBS;Nouveaux Bilans Alimentaire;95;Honduras;5511;Production;2734;Viande de Volailles;2017;2017;Milliers de tonnes;193;Im;Données de la FAO basées sur une méthodologie d'imputation
FBS;Nouveaux Bilans Alimentaire;95;Honduras;5142;Nourriture;2734;Viande de Volailles;2017;2017;Milliers de tonnes;203;Im;Données de la FAO basées sur une méthodologie d'imputation
FBS;Nouveaux Bilans Alimentaire;97;Hongrie;5511;Production;2734;Viande de Volailles;2017;2017;Milliers de tonnes;493;Im;Données de la FAO basées sur une méthodologie d'imputation
FBS;Nouveaux Bilans Alimentaire;97;Hongrie;5142;Nourriture;2734;Viande de Volailles;2017;2017;Milliers de tonnes;246;Im;Données de la FAO basées sur une méthodologie d'imputation
FBS;Nouveaux Bilans Alimentaire;25;Îles Salomon;5511;Production;2734;Viande de Volailles;2017;2017;Milliers de tonnes;0;Im;Données de la FAO basées sur une méthodologie d'imputation
FBS;Nouveaux Bilans Alimentaire;25;Îles Salomon;5142;Nourriture;2734;Viande de Volailles;2017;2017;Milliers de tonnes;3;Im;Données de la FAO basées sur une méthodologie d'imputation
FBS;Nouveaux Bilans Alimentaire;100;Inde;5511;Production;2734;Viande de Volailles;2017;2017;Milliers de tonnes;3526;Im;Données de la FAO basées sur une méthodologie d'imputation
FBS;Nouveaux Bilans Alimentaire;100;Inde;5142;Nourriture;2734;Viande de Volailles;2017;2017;Milliers de tonnes;2957;Im;Données de la FAO basées sur une méthodologie d'imputation
FBS;Nouveaux Bilans Alimentaire;101;Indonésie;5511;Production;2734;Viande de Volailles;2017;2017;Milliers de tonnes;2301;Im;Données de la FAO basées sur une méthodologie d'imputation
FBS;Nouveaux Bilans Alimentaire;101;Indonésie;5142;Nourriture;2734;Viande de Volailles;2017;2017;Milliers de tonnes;2052;Im;Données de la FAO basées sur une méthodologie d'imputation
FBS;Nouveaux Bilans Alimentaire;102;Iran (République islamique d');5511;Production;2734;Viande de Volailles;2017;2017;Milliers de tonnes;2152;Im;Données de la FAO basées sur une méthodologie d'imputation
FBS;Nouveaux Bilans Alimentaire;102;Iran (République islamique d');5142;Nourriture;2734;Viande de Volailles;2017;2017;Milliers de tonnes;2221;Im;Données de la FAO basées sur une méthodologie d'imputation
FBS;Nouveaux Bilans Alimentaire;103;Iraq;5511;Production;2734;Viande de Volailles;2017;2017;Milliers de tonnes;96;Im;Données de la FAO basées sur une méthodologie d'imputation
FBS;Nouveaux Bilans Alimentaire;103;Iraq;5142;Nourriture;2734;Viande de Volailles;2017;2017;Milliers de tonnes;473;Im;Données de la FAO basées sur une méthodologie d'imputation
FBS;Nouveaux Bilans Alimentaire;104;Irlande;5511;Production;2734;Viande de Volailles;2017;2017;Milliers de tonnes;146;Im;Données de la FAO basées sur une méthodologie d'imputation
FBS;Nouveaux Bilans Alimentaire;104;Irlande;5142;Nourriture;2734;Viande de Volailles;2017;2017;Milliers de tonnes;114;Im;Données de la FAO basées sur une méthodologie d'imputation
FBS;Nouveaux Bilans Alimentaire;99;Islande;5511;Production;2734;Viande de Volailles;2017;2017;Milliers de tonnes;10;Im;Données de la FAO basées sur une méthodologie d'imputation
FBS;Nouveaux Bilans Alimentaire;99;Islande;5142;Nourriture;2734;Viande de Volailles;2017;2017;Milliers de tonnes;10;Im;Données de la FAO basées sur une méthodologie d'imputation
FBS;Nouveaux Bilans Alimentaire;105;Israël;5511;Production;2734;Viande de Volailles;2017;2017;Milliers de tonnes;629;Im;Données de la FAO basées sur une méthodologie d'imputation
FBS;Nouveaux Bilans Alimentaire;105;Israël;5142;Nourriture;2734;Viande de Volailles;2017;2017;Milliers de tonnes;555;Im;Données de la FAO basées sur une méthodologie d'imputation
FBS;Nouveaux Bilans Alimentaire;106;Italie;5511;Production;2734;Viande de Volailles;2017;2017;Milliers de tonnes;1319;Im;Données de la FAO basées sur une méthodologie d'imputation
FBS;Nouveaux Bilans Alimentaire;106;Italie;5142;Nourriture;2734;Viande de Volailles;2017;2017;Milliers de tonnes;1145;Im;Données de la FAO basées sur une méthodologie d'imputation
FBS;Nouveaux Bilans Alimentaire;109;Jamaïque;5511;Production;2734;Viande de Volailles;2017;2017;Milliers de tonnes;128;Im;Données de la FAO basées sur une méthodologie d'imputation
FBS;Nouveaux Bilans Alimentaire;109;Jamaïque;5142;Nourriture;2734;Viande de Volailles;2017;2017;Milliers de tonnes;149;Im;Données de la FAO basées sur une méthodologie d'imputation
FBS;Nouveaux Bilans Alimentaire;110;Japon;5511;Production;2734;Viande de Volailles;2017;2017;Milliers de tonnes;2215;Im;Données de la FAO basées sur une méthodologie d'imputation
FBS;Nouveaux Bilans Alimentaire;110;Japon;5142;Nourriture;2734;Viande de Volailles;2017;2017;Milliers de tonnes;2360;Im;Données de la FAO basées sur une méthodologie d'imputation
FBS;Nouveaux Bilans Alimentaire;112;Jordanie;5511;Production;2734;Viande de Volailles;2017;2017;Milliers de tonnes;193;Im;Données de la FAO basées sur une méthodologie d'imputation
FBS;Nouveaux Bilans Alimentaire;112;Jordanie;5142;Nourriture;2734;Viande de Volailles;2017;2017;Milliers de tonnes;253;Im;Données de la FAO basées sur une méthodologie d'imputation
FBS;Nouveaux Bilans Alimentaire;108;Kazakhstan;5511;Production;2734;Viande de Volailles;2017;2017;Milliers de tonnes;171;Im;Données de la FAO basées sur une méthodologie d'imputation
FBS;Nouveaux Bilans Alimentaire;108;Kazakhstan;5142;Nourriture;2734;Viande de Volailles;2017;2017;Milliers de tonnes;330;Im;Données de la FAO basées sur une méthodologie d'imputation
FBS;Nouveaux Bilans Alimentaire;114;Kenya;5511;Production;2734;Viande de Volailles;2017;2017;Milliers de tonnes;30;Im;Données de la FAO basées sur une méthodologie d'imputation
FBS;Nouveaux Bilans Alimentaire;114;Kenya;5142;Nourriture;2734;Viande de Volailles;2017;2017;Milliers de tonnes;30;Im;Données de la FAO basées sur une méthodologie d'imputation
FBS;Nouveaux Bilans Alimentaire;113;Kirghizistan;5511;Production;2734;Viande de Volailles;2017;2017;Milliers de tonnes;8;Im;Données de la FAO basées sur une méthodologie d'imputation
FBS;Nouveaux Bilans Alimentaire;113;Kirghizistan;5142;Nourriture;2734;Viande de Volailles;2017;2017;Milliers de tonnes;19;Im;Données de la FAO basées sur une méthodologie d'imputation
FBS;Nouveaux Bilans Alimentaire;83;Kiribati;5511;Production;2734;Viande de Volailles;2017;2017;Milliers de tonnes;1;Im;Données de la FAO basées sur une méthodologie d'imputation
FBS;Nouveaux Bilans Alimentaire;83;Kiribati;5142;Nourriture;2734;Viande de Volailles;2017;2017;Milliers de tonnes;2;Im;Données de la FAO basées sur une méthodologie d'imputation
FBS;Nouveaux Bilans Alimentaire;118;Koweït;5511;Production;2734;Viande de Volailles;2017;2017;Milliers de tonnes;56;Im;Données de la FAO basées sur une méthodologie d'imputation
FBS;Nouveaux Bilans Alimentaire;118;Koweït;5142;Nourriture;2734;Viande de Volailles;2017;2017;Milliers de tonnes;188;Im;Données de la FAO basées sur une méthodologie d'imputation
FBS;Nouveaux Bilans Alimentaire;122;Lesotho;5511;Production;2734;Viande de Volailles;2017;2017;Milliers de tonnes;2;Im;Données de la FAO basées sur une méthodologie d'imputation
FBS;Nouveaux Bilans Alimentaire;122;Lesotho;5142;Nourriture;2734;Viande de Volailles;2017;2017;Milliers de tonnes;17;Im;Données de la FAO basées sur une méthodologie d'imputation
FBS;Nouveaux Bilans Alimentaire;119;Lettonie;5511;Production;2734;Viande de Volailles;2017;2017;Milliers de tonnes;33;Im;Données de la FAO basées sur une méthodologie d'imputation
FBS;Nouveaux Bilans Alimentaire;119;Lettonie;5142;Nourriture;2734;Viande de Volailles;2017;2017;Milliers de tonnes;41;Im;Données de la FAO basées sur une méthodologie d'imputation
FBS;Nouveaux Bilans Alimentaire;121;Liban;5511;Production;2734;Viande de Volailles;2017;2017;Milliers de tonnes;125;Im;Données de la FAO basées sur une méthodologie d'imputation
FBS;Nouveaux Bilans Alimentaire;121;Liban;5142;Nourriture;2734;Viande de Volailles;2017;2017;Milliers de tonnes;122;Im;Données de la FAO basées sur une méthodologie d'imputation
FBS;Nouveaux Bilans Alimentaire;123;Libéria;5511;Production;2734;Viande de Volailles;2017;2017;Milliers de tonnes;14;Im;Données de la FAO basées sur une méthodologie d'imputation
FBS;Nouveaux Bilans Alimentaire;123;Libéria;5142;Nourriture;2734;Viande de Volailles;2017;2017;Milliers de tonnes;50;Im;Données de la FAO basées sur une méthodologie d'imputation
FBS;Nouveaux Bilans Alimentaire;126;Lituanie;5511;Production;2734;Viande de Volailles;2017;2017;Milliers de tonnes;134;Im;Données de la FAO basées sur une méthodologie d'imputation
FBS;Nouveaux Bilans Alimentaire;126;Lituanie;5142;Nourriture;2734;Viande de Volailles;2017;2017;Milliers de tonnes;80;Im;Données de la FAO basées sur une méthodologie d'imputation
FBS;Nouveaux Bilans Alimentaire;256;Luxembourg;5511;Production;2734;Viande de Volailles;2017;2017;Milliers de tonnes;0;Im;Données de la FAO basées sur une méthodologie d'imputation
FBS;Nouveaux Bilans Alimentaire;256;Luxembourg;5142;Nourriture;2734;Viande de Volailles;2017;2017;Milliers de tonnes;11;Im;Données de la FAO basées sur une méthodologie d'imputation
FBS;Nouveaux Bilans Alimentaire;154;Macédoine du Nord;5511;Production;2734;Viande de Volailles;2017;2017;Milliers de tonnes;2;Im;Données de la FAO basées sur une méthodologie d'imputation
FBS;Nouveaux Bilans Alimentaire;154;Macédoine du Nord;5142;Nourriture;2734;Viande de Volailles;2017;2017;Milliers de tonnes;41;Im;Données de la FAO basées sur une méthodologie d'imputation
FBS;Nouveaux Bilans Alimentaire;129;Madagascar;5511;Production;2734;Viande de Volailles;2017;2017;Milliers de tonnes;82;Im;Données de la FAO basées sur une méthodologie d'imputation
FBS;Nouveaux Bilans Alimentaire;129;Madagascar;5142;Nourriture;2734;Viande de Volailles;2017;2017;Milliers de tonnes;78;Im;Données de la FAO basées sur une méthodologie d'imputation
FBS;Nouveaux Bilans Alimentaire;131;Malaisie;5511;Production;2734;Viande de Volailles;2017;2017;Milliers de tonnes;1665;Im;Données de la FAO basées sur une méthodologie d'imputation
FBS;Nouveaux Bilans Alimentaire;131;Malaisie;5142;Nourriture;2734;Viande de Volailles;2017;2017;Milliers de tonnes;1209;Im;Données de la FAO basées sur une méthodologie d'imputation
FBS;Nouveaux Bilans Alimentaire;130;Malawi;5511;Production;2734;Viande de Volailles;2017;2017;Milliers de tonnes;130;Im;Données de la FAO basées sur une méthodologie d'imputation
FBS;Nouveaux Bilans Alimentaire;130;Malawi;5142;Nourriture;2734;Viande de Volailles;2017;2017;Milliers de tonnes;29;Im;Données de la FAO basées sur une méthodologie d'imputation
FBS;Nouveaux Bilans Alimentaire;132;Maldives;5142;Nourriture;2734;Viande de Volailles;2017;2017;Milliers de tonnes;7;Im;Données de la FAO basées sur une méthodologie d'imputation
FBS;Nouveaux Bilans Alimentaire;133;Mali;5511;Production;2734;Viande de Volailles;2017;2017;Milliers de tonnes;48;Im;Données de la FAO basées sur une méthodologie d'imputation
FBS;Nouveaux Bilans Alimentaire;133;Mali;5142;Nourriture;2734;Viande de Volailles;2017;2017;Milliers de tonnes;52;Im;Données de la FAO basées sur une méthodologie d'imputation
FBS;Nouveaux Bilans Alimentaire;134;Malte;5511;Production;2734;Viande de Volailles;2017;2017;Milliers de tonnes;4;Im;Données de la FAO basées sur une méthodologie d'imputation
FBS;Nouveaux Bilans Alimentaire;134;Malte;5142;Nourriture;2734;Viande de Volailles;2017;2017;Milliers de tonnes;12;Im;Données de la FAO basées sur une méthodologie d'imputation
FBS;Nouveaux Bilans Alimentaire;143;Maroc;5511;Production;2734;Viande de Volailles;2017;2017;Milliers de tonnes;745;Im;Données de la FAO basées sur une méthodologie d'imputation
FBS;Nouveaux Bilans Alimentaire;143;Maroc;5142;Nourriture;2734;Viande de Volailles;2017;2017;Milliers de tonnes;730;Im;Données de la FAO basées sur une méthodologie d'imputation
FBS;Nouveaux Bilans Alimentaire;137;Maurice;5511;Production;2734;Viande de Volailles;2017;2017;Milliers de tonnes;48;Im;Données de la FAO basées sur une méthodologie d'imputation
FBS;Nouveaux Bilans Alimentaire;137;Maurice;5142;Nourriture;2734;Viande de Volailles;2017;2017;Milliers de tonnes;48;Im;Données de la FAO basées sur une méthodologie d'imputation
FBS;Nouveaux Bilans Alimentaire;136;Mauritanie;5511;Production;2734;Viande de Volailles;2017;2017;Milliers de tonnes;5;Im;Données de la FAO basées sur une méthodologie d'imputation
FBS;Nouveaux Bilans Alimentaire;136;Mauritanie;5142;Nourriture;2734;Viande de Volailles;2017;2017;Milliers de tonnes;22;Im;Données de la FAO basées sur une méthodologie d'imputation
FBS;Nouveaux Bilans Alimentaire;138;Mexique;5511;Production;2734;Viande de Volailles;2017;2017;Milliers de tonnes;3249;Im;Données de la FAO basées sur une méthodologie d'imputation
FBS;Nouveaux Bilans Alimentaire;138;Mexique;5142;Nourriture;2734;Viande de Volailles;2017;2017;Milliers de tonnes;4214;Im;Données de la FAO basées sur une méthodologie d'imputation
FBS;Nouveaux Bilans Alimentaire;141;Mongolie;5511;Production;2734;Viande de Volailles;2017;2017;Milliers de tonnes;0;Im;Données de la FAO basées sur une méthodologie d'imputation
FBS;Nouveaux Bilans Alimentaire;141;Mongolie;5142;Nourriture;2734;Viande de Volailles;2017;2017;Milliers de tonnes;9;Im;Données de la FAO basées sur une méthodologie d'imputation
FBS;Nouveaux Bilans Alimentaire;273;Monténégro;5511;Production;2734;Viande de Volailles;2017;2017;Milliers de tonnes;4;Im;Données de la FAO basées sur une méthodologie d'imputation
FBS;Nouveaux Bilans Alimentaire;273;Monténégro;5142;Nourriture;2734;Viande de Volailles;2017;2017;Milliers de tonnes;10;Im;Données de la FAO basées sur une méthodologie d'imputation
FBS;Nouveaux Bilans Alimentaire;144;Mozambique;5511;Production;2734;Viande de Volailles;2017;2017;Milliers de tonnes;91;Im;Données de la FAO basées sur une méthodologie d'imputation
FBS;Nouveaux Bilans Alimentaire;144;Mozambique;5142;Nourriture;2734;Viande de Volailles;2017;2017;Milliers de tonnes;49;Im;Données de la FAO basées sur une méthodologie d'imputation
FBS;Nouveaux Bilans Alimentaire;28;Myanmar;5511;Production;2734;Viande de Volailles;2017;2017;Milliers de tonnes;1653;Im;Données de la FAO basées sur une méthodologie d'imputation
FBS;Nouveaux Bilans Alimentaire;28;Myanmar;5142;Nourriture;2734;Viande de Volailles;2017;2017;Milliers de tonnes;1401;Im;Données de la FAO basées sur une méthodologie d'imputation
FBS;Nouveaux Bilans Alimentaire;147;Namibie;5511;Production;2734;Viande de Volailles;2017;2017;Milliers de tonnes;10;Im;Données de la FAO basées sur une méthodologie d'imputation
FBS;Nouveaux Bilans Alimentaire;147;Namibie;5142;Nourriture;2734;Viande de Volailles;2017;2017;Milliers de tonnes;27;Im;Données de la FAO basées sur une méthodologie d'imputation
FBS;Nouveaux Bilans Alimentaire;149;Népal;5511;Production;2734;Viande de Volailles;2017;2017;Milliers de tonnes;58;Im;Données de la FAO basées sur une méthodologie d'imputation
FBS;Nouveaux Bilans Alimentaire;149;Népal;5142;Nourriture;2734;Viande de Volailles;2017;2017;Milliers de tonnes;54;Im;Données de la FAO basées sur une méthodologie d'imputation
FBS;Nouveaux Bilans Alimentaire;157;Nicaragua;5511;Production;2734;Viande de Volailles;2017;2017;Milliers de tonnes;143;Im;Données de la FAO basées sur une méthodologie d'imputation
FBS;Nouveaux Bilans Alimentaire;157;Nicaragua;5142;Nourriture;2734;Viande de Volailles;2017;2017;Milliers de tonnes;138;Im;Données de la FAO basées sur une méthodologie d'imputation
FBS;Nouveaux Bilans Alimentaire;158;Niger;5511;Production;2734;Viande de Volailles;2017;2017;Milliers de tonnes;19;Im;Données de la FAO basées sur une méthodologie d'imputation
FBS;Nouveaux Bilans Alimentaire;158;Niger;5142;Nourriture;2734;Viande de Volailles;2017;2017;Milliers de tonnes;23;Im;Données de la FAO basées sur une méthodologie d'imputation
FBS;Nouveaux Bilans Alimentaire;159;Nigéria;5511;Production;2734;Viande de Volailles;2017;2017;Milliers de tonnes;198;Im;Données de la FAO basées sur une méthodologie d'imputation
FBS;Nouveaux Bilans Alimentaire;159;Nigéria;5142;Nourriture;2734;Viande de Volailles;2017;2017;Milliers de tonnes;214;Im;Données de la FAO basées sur une méthodologie d'imputation
FBS;Nouveaux Bilans Alimentaire;162;Norvège;5511;Production;2734;Viande de Volailles;2017;2017;Milliers de tonnes;101;Im;Données de la FAO basées sur une méthodologie d'imputation
FBS;Nouveaux Bilans Alimentaire;162;Norvège;5142;Nourriture;2734;Viande de Volailles;2017;2017;Milliers de tonnes;110;Im;Données de la FAO basées sur une méthodologie d'imputation
FBS;Nouveaux Bilans Alimentaire;153;Nouvelle-Calédonie;5511;Production;2734;Viande de Volailles;2017;2017;Milliers de tonnes;1;Im;Données de la FAO basées sur une méthodologie d'imputation
FBS;Nouveaux Bilans Alimentaire;153;Nouvelle-Calédonie;5142;Nourriture;2734;Viande de Volailles;2017;2017;Milliers de tonnes;10;Im;Données de la FAO basées sur une méthodologie d'imputation
FBS;Nouveaux Bilans Alimentaire;156;Nouvelle-Zélande;5511;Production;2734;Viande de Volailles;2017;2017;Milliers de tonnes;223;Im;Données de la FAO basées sur une méthodologie d'imputation
FBS;Nouveaux Bilans Alimentaire;156;Nouvelle-Zélande;5142;Nourriture;2734;Viande de Volailles;2017;2017;Milliers de tonnes;123;Im;Données de la FAO basées sur une méthodologie d'imputation
FBS;Nouveaux Bilans Alimentaire;221;Oman;5511;Production;2734;Viande de Volailles;2017;2017;Milliers de tonnes;6;Im;Données de la FAO basées sur une méthodologie d'imputation
FBS;Nouveaux Bilans Alimentaire;221;Oman;5142;Nourriture;2734;Viande de Volailles;2017;2017;Milliers de tonnes;101;Im;Données de la FAO basées sur une méthodologie d'imputation
FBS;Nouveaux Bilans Alimentaire;226;Ouganda;5511;Production;2734;Viande de Volailles;2017;2017;Milliers de tonnes;68;Im;Données de la FAO basées sur une méthodologie d'imputation
FBS;Nouveaux Bilans Alimentaire;226;Ouganda;5142;Nourriture;2734;Viande de Volailles;2017;2017;Milliers de tonnes;68;Im;Données de la FAO basées sur une méthodologie d'imputation
FBS;Nouveaux Bilans Alimentaire;235;Ouzbékistan;5511;Production;2734;Viande de Volailles;2017;2017;Milliers de tonnes;60;Im;Données de la FAO basées sur une méthodologie d'imputation
FBS;Nouveaux Bilans Alimentaire;235;Ouzbékistan;5142;Nourriture;2734;Viande de Volailles;2017;2017;Milliers de tonnes;59;Im;Données de la FAO basées sur une méthodologie d'imputation
FBS;Nouveaux Bilans Alimentaire;165;Pakistan;5511;Production;2734;Viande de Volailles;2017;2017;Milliers de tonnes;1281;Im;Données de la FAO basées sur une méthodologie d'imputation
FBS;Nouveaux Bilans Alimentaire;165;Pakistan;5142;Nourriture;2734;Viande de Volailles;2017;2017;Milliers de tonnes;1001;Im;Données de la FAO basées sur une méthodologie d'imputation
FBS;Nouveaux Bilans Alimentaire;166;Panama;5511;Production;2734;Viande de Volailles;2017;2017;Milliers de tonnes;198;Im;Données de la FAO basées sur une méthodologie d'imputation
FBS;Nouveaux Bilans Alimentaire;166;Panama;5142;Nourriture;2734;Viande de Volailles;2017;2017;Milliers de tonnes;138;Im;Données de la FAO basées sur une méthodologie d'imputation
FBS;Nouveaux Bilans Alimentaire;168;Papouasie-Nouvelle-Guinée;5511;Production;2734;Viande de Volailles;2017;2017;Milliers de tonnes;7;Im;Données de la FAO basées sur une méthodologie d'imputation
FBS;Nouveaux Bilans Alimentaire;168;Papouasie-Nouvelle-Guinée;5142;Nourriture;2734;Viande de Volailles;2017;2017;Milliers de tonnes;22;Im;Données de la FAO basées sur une méthodologie d'imputation
FBS;Nouveaux Bilans Alimentaire;169;Paraguay;5511;Production;2734;Viande de Volailles;2017;2017;Milliers de tonnes;69;Im;Données de la FAO basées sur une méthodologie d'imputation
FBS;Nouveaux Bilans Alimentaire;169;Paraguay;5142;Nourriture;2734;Viande de Volailles;2017;2017;Milliers de tonnes;65;Im;Données de la FAO basées sur une méthodologie d'imputation
FBS;Nouveaux Bilans Alimentaire;150;Pays-Bas;5511;Production;2734;Viande de Volailles;2017;2017;Milliers de tonnes;1099;Im;Données de la FAO basées sur une méthodologie d'imputation
FBS;Nouveaux Bilans Alimentaire;150;Pays-Bas;5142;Nourriture;2734;Viande de Volailles;2017;2017;Milliers de tonnes;273;Im;Données de la FAO basées sur une méthodologie d'imputation
FBS;Nouveaux Bilans Alimentaire;170;Pérou;5511;Production;2734;Viande de Volailles;2017;2017;Milliers de tonnes;1465;Im;Données de la FAO basées sur une méthodologie d'imputation
FBS;Nouveaux Bilans Alimentaire;170;Pérou;5142;Nourriture;2734;Viande de Volailles;2017;2017;Milliers de tonnes;403;Im;Données de la FAO basées sur une méthodologie d'imputation
FBS;Nouveaux Bilans Alimentaire;171;Philippines;5511;Production;2734;Viande de Volailles;2017;2017;Milliers de tonnes;1302;Im;Données de la FAO basées sur une méthodologie d'imputation
FBS;Nouveaux Bilans Alimentaire;171;Philippines;5142;Nourriture;2734;Viande de Volailles;2017;2017;Milliers de tonnes;1323;Im;Données de la FAO basées sur une méthodologie d'imputation
FBS;Nouveaux Bilans Alimentaire;173;Pologne;5511;Production;2734;Viande de Volailles;2017;2017;Milliers de tonnes;2325;Im;Données de la FAO basées sur une méthodologie d'imputation
FBS;Nouveaux Bilans Alimentaire;173;Pologne;5142;Nourriture;2734;Viande de Volailles;2017;2017;Milliers de tonnes;1273;Im;Données de la FAO basées sur une méthodologie d'imputation
FBS;Nouveaux Bilans Alimentaire;70;Polynésie française;5511;Production;2734;Viande de Volailles;2017;2017;Milliers de tonnes;1;Im;Données de la FAO basées sur une méthodologie d'imputation
FBS;Nouveaux Bilans Alimentaire;70;Polynésie française;5142;Nourriture;2734;Viande de Volailles;2017;2017;Milliers de tonnes;13;Im;Données de la FAO basées sur une méthodologie d'imputation
FBS;Nouveaux Bilans Alimentaire;174;Portugal;5511;Production;2734;Viande de Volailles;2017;2017;Milliers de tonnes;361;Im;Données de la FAO basées sur une méthodologie d'imputation
FBS;Nouveaux Bilans Alimentaire;174;Portugal;5142;Nourriture;2734;Viande de Volailles;2017;2017;Milliers de tonnes;315;Im;Données de la FAO basées sur une méthodologie d'imputation
FBS;Nouveaux Bilans Alimentaire;37;République centrafricaine;5511;Production;2734;Viande de Volailles;2017;2017;Milliers de tonnes;7;Im;Données de la FAO basées sur une méthodologie d'imputation
FBS;Nouveaux Bilans Alimentaire;37;République centrafricaine;5142;Nourriture;2734;Viande de Volailles;2017;2017;Milliers de tonnes;5;Im;Données de la FAO basées sur une méthodologie d'imputation
FBS;Nouveaux Bilans Alimentaire;117;République de Corée;5511;Production;2734;Viande de Volailles;2017;2017;Milliers de tonnes;838;Im;Données de la FAO basées sur une méthodologie d'imputation
FBS;Nouveaux Bilans Alimentaire;117;République de Corée;5142;Nourriture;2734;Viande de Volailles;2017;2017;Milliers de tonnes;853;Im;Données de la FAO basées sur une méthodologie d'imputation
FBS;Nouveaux Bilans Alimentaire;146;République de Moldova;5511;Production;2734;Viande de Volailles;2017;2017;Milliers de tonnes;45;Im;Données de la FAO basées sur une méthodologie d'imputation
FBS;Nouveaux Bilans Alimentaire;146;République de Moldova;5142;Nourriture;2734;Viande de Volailles;2017;2017;Milliers de tonnes;65;Im;Données de la FAO basées sur une méthodologie d'imputation
FBS;Nouveaux Bilans Alimentaire;120;République démocratique populaire lao;5511;Production;2734;Viande de Volailles;2017;2017;Milliers de tonnes;31;Im;Données de la FAO basées sur une méthodologie d'imputation
FBS;Nouveaux Bilans Alimentaire;120;République démocratique populaire lao;5142;Nourriture;2734;Viande de Volailles;2017;2017;Milliers de tonnes;40;Im;Données de la FAO basées sur une méthodologie d'imputation
FBS;Nouveaux Bilans Alimentaire;56;République dominicaine;5511;Production;2734;Viande de Volailles;2017;2017;Milliers de tonnes;339;Im;Données de la FAO basées sur une méthodologie d'imputation
FBS;Nouveaux Bilans Alimentaire;56;République dominicaine;5142;Nourriture;2734;Viande de Volailles;2017;2017;Milliers de tonnes;370;Im;Données de la FAO basées sur une méthodologie d'imputation
FBS;Nouveaux Bilans Alimentaire;116;République populaire démocratique de Corée;5511;Production;2734;Viande de Volailles;2017;2017;Milliers de tonnes;44;Im;Données de la FAO basées sur une méthodologie d'imputation
FBS;Nouveaux Bilans Alimentaire;116;République populaire démocratique de Corée;5142;Nourriture;2734;Viande de Volailles;2017;2017;Milliers de tonnes;42;Im;Données de la FAO basées sur une méthodologie d'imputation
FBS;Nouveaux Bilans Alimentaire;215;République-Unie de Tanzanie;5511;Production;2734;Viande de Volailles;2017;2017;Milliers de tonnes;65;Im;Données de la FAO basées sur une méthodologie d'imputation
FBS;Nouveaux Bilans Alimentaire;215;République-Unie de Tanzanie;5142;Nourriture;2734;Viande de Volailles;2017;2017;Milliers de tonnes;68;Im;Données de la FAO basées sur une méthodologie d'imputation
FBS;Nouveaux Bilans Alimentaire;183;Roumanie;5511;Production;2734;Viande de Volailles;2017;2017;Milliers de tonnes;436;Im;Données de la FAO basées sur une méthodologie d'imputation
FBS;Nouveaux Bilans Alimentaire;183;Roumanie;5142;Nourriture;2734;Viande de Volailles;2017;2017;Milliers de tonnes;451;Im;Données de la FAO basées sur une méthodologie d'imputation
FBS;Nouveaux Bilans Alimentaire;229;Royaume-Uni de Grande-Bretagne et d'Irlande du Nord;5511;Production;2734;Viande de Volailles;2017;2017;Milliers de tonnes;1839;Im;Données de la FAO basées sur une méthodologie d'imputation
FBS;Nouveaux Bilans Alimentaire;229;Royaume-Uni de Grande-Bretagne et d'Irlande du Nord;5142;Nourriture;2734;Viande de Volailles;2017;2017;Milliers de tonnes;2179;Im;Données de la FAO basées sur une méthodologie d'imputation
FBS;Nouveaux Bilans Alimentaire;184;Rwanda;5511;Production;2734;Viande de Volailles;2017;2017;Milliers de tonnes;16;Im;Données de la FAO basées sur une méthodologie d'imputation
FBS;Nouveaux Bilans Alimentaire;184;Rwanda;5142;Nourriture;2734;Viande de Volailles;2017;2017;Milliers de tonnes;16;Im;Données de la FAO basées sur une méthodologie d'imputation
FBS;Nouveaux Bilans Alimentaire;189;Sainte-Lucie;5511;Production;2734;Viande de Volailles;2017;2017;Milliers de tonnes;2;Im;Données de la FAO basées sur une méthodologie d'imputation
FBS;Nouveaux Bilans Alimentaire;189;Sainte-Lucie;5142;Nourriture;2734;Viande de Volailles;2017;2017;Milliers de tonnes;11;Im;Données de la FAO basées sur une méthodologie d'imputation
FBS;Nouveaux Bilans Alimentaire;188;Saint-Kitts-et-Nevis;5511;Production;2734;Viande de Volailles;2017;2017;Milliers de tonnes;0;Im;Données de la FAO basées sur une méthodologie d'imputation
FBS;Nouveaux Bilans Alimentaire;188;Saint-Kitts-et-Nevis;5142;Nourriture;2734;Viande de Volailles;2017;2017;Milliers de tonnes;3;Im;Données de la FAO basées sur une méthodologie d'imputation
FBS;Nouveaux Bilans Alimentaire;191;Saint-Vincent-et-les Grenadines;5511;Production;2734;Viande de Volailles;2017;2017;Milliers de tonnes;0;Im;Données de la FAO basées sur une méthodologie d'imputation
FBS;Nouveaux Bilans Alimentaire;191;Saint-Vincent-et-les Grenadines;5142;Nourriture;2734;Viande de Volailles;2017;2017;Milliers de tonnes;8;Im;Données de la FAO basées sur une méthodologie d'imputation
FBS;Nouveaux Bilans Alimentaire;244;Samoa;5511;Production;2734;Viande de Volailles;2017;2017;Milliers de tonnes;0;Im;Données de la FAO basées sur une méthodologie d'imputation
FBS;Nouveaux Bilans Alimentaire;244;Samoa;5142;Nourriture;2734;Viande de Volailles;2017;2017;Milliers de tonnes;13;Im;Données de la FAO basées sur une méthodologie d'imputation
FBS;Nouveaux Bilans Alimentaire;193;Sao Tomé-et-Principe;5511;Production;2734;Viande de Volailles;2017;2017;Milliers de tonnes;1;Im;Données de la FAO basées sur une méthodologie d'imputation
FBS;Nouveaux Bilans Alimentaire;193;Sao Tomé-et-Principe;5142;Nourriture;2734;Viande de Volailles;2017;2017;Milliers de tonnes;2;Im;Données de la FAO basées sur une méthodologie d'imputation
FBS;Nouveaux Bilans Alimentaire;195;Sénégal;5511;Production;2734;Viande de Volailles;2017;2017;Milliers de tonnes;65;Im;Données de la FAO basées sur une méthodologie d'imputation
FBS;Nouveaux Bilans Alimentaire;195;Sénégal;5142;Nourriture;2734;Viande de Volailles;2017;2017;Milliers de tonnes;70;Im;Données de la FAO basées sur une méthodologie d'imputation
FBS;Nouveaux Bilans Alimentaire;272;Serbie;5511;Production;2734;Viande de Volailles;2017;2017;Milliers de tonnes;85;Im;Données de la FAO basées sur une méthodologie d'imputation
FBS;Nouveaux Bilans Alimentaire;272;Serbie;5142;Nourriture;2734;Viande de Volailles;2017;2017;Milliers de tonnes;90;Im;Données de la FAO basées sur une méthodologie d'imputation
FBS;Nouveaux Bilans Alimentaire;197;Sierra Leone;5511;Production;2734;Viande de Volailles;2017;2017;Milliers de tonnes;17;Im;Données de la FAO basées sur une méthodologie d'imputation
FBS;Nouveaux Bilans Alimentaire;197;Sierra Leone;5142;Nourriture;2734;Viande de Volailles;2017;2017;Milliers de tonnes;31;Im;Données de la FAO basées sur une méthodologie d'imputation
FBS;Nouveaux Bilans Alimentaire;199;Slovaquie;5511;Production;2734;Viande de Volailles;2017;2017;Milliers de tonnes;71;Im;Données de la FAO basées sur une méthodologie d'imputation
FBS;Nouveaux Bilans Alimentaire;199;Slovaquie;5142;Nourriture;2734;Viande de Volailles;2017;2017;Milliers de tonnes;76;Im;Données de la FAO basées sur une méthodologie d'imputation
FBS;Nouveaux Bilans Alimentaire;198;Slovénie;5511;Production;2734;Viande de Volailles;2017;2017;Milliers de tonnes;68;Im;Données de la FAO basées sur une méthodologie d'imputation
FBS;Nouveaux Bilans Alimentaire;198;Slovénie;5142;Nourriture;2734;Viande de Volailles;2017;2017;Milliers de tonnes;50;Im;Données de la FAO basées sur une méthodologie d'imputation
FBS;Nouveaux Bilans Alimentaire;276;Soudan;5511;Production;2734;Viande de Volailles;2017;2017;Milliers de tonnes;68;Im;Données de la FAO basées sur une méthodologie d'imputation
FBS;Nouveaux Bilans Alimentaire;276;Soudan;5142;Nourriture;2734;Viande de Volailles;2017;2017;Milliers de tonnes;54;Im;Données de la FAO basées sur une méthodologie d'imputation
FBS;Nouveaux Bilans Alimentaire;38;Sri Lanka;5511;Production;2734;Viande de Volailles;2017;2017;Milliers de tonnes;192;Im;Données de la FAO basées sur une méthodologie d'imputation
FBS;Nouveaux Bilans Alimentaire;38;Sri Lanka;5142;Nourriture;2734;Viande de Volailles;2017;2017;Milliers de tonnes;110;Im;Données de la FAO basées sur une méthodologie d'imputation
FBS;Nouveaux Bilans Alimentaire;210;Suède;5511;Production;2734;Viande de Volailles;2017;2017;Milliers de tonnes;157;Im;Données de la FAO basées sur une méthodologie d'imputation
FBS;Nouveaux Bilans Alimentaire;210;Suède;5142;Nourriture;2734;Viande de Volailles;2017;2017;Milliers de tonnes;164;Im;Données de la FAO basées sur une méthodologie d'imputation
FBS;Nouveaux Bilans Alimentaire;211;Suisse;5511;Production;2734;Viande de Volailles;2017;2017;Milliers de tonnes;92;Im;Données de la FAO basées sur une méthodologie d'imputation
FBS;Nouveaux Bilans Alimentaire;211;Suisse;5142;Nourriture;2734;Viande de Volailles;2017;2017;Milliers de tonnes;133;Im;Données de la FAO basées sur une méthodologie d'imputation
FBS;Nouveaux Bilans Alimentaire;207;Suriname;5511;Production;2734;Viande de Volailles;2017;2017;Milliers de tonnes;10;Im;Données de la FAO basées sur une méthodologie d'imputation
FBS;Nouveaux Bilans Alimentaire;207;Suriname;5142;Nourriture;2734;Viande de Volailles;2017;2017;Milliers de tonnes;19;Im;Données de la FAO basées sur une méthodologie d'imputation
FBS;Nouveaux Bilans Alimentaire;208;Tadjikistan;5511;Production;2734;Viande de Volailles;2017;2017;Milliers de tonnes;2;Im;Données de la FAO basées sur une méthodologie d'imputation
FBS;Nouveaux Bilans Alimentaire;208;Tadjikistan;5142;Nourriture;2734;Viande de Volailles;2017;2017;Milliers de tonnes;39;Im;Données de la FAO basées sur une méthodologie d'imputation
FBS;Nouveaux Bilans Alimentaire;39;Tchad;5511;Production;2734;Viande de Volailles;2017;2017;Milliers de tonnes;6;Im;Données de la FAO basées sur une méthodologie d'imputation
FBS;Nouveaux Bilans Alimentaire;39;Tchad;5142;Nourriture;2734;Viande de Volailles;2017;2017;Milliers de tonnes;6;Im;Données de la FAO basées sur une méthodologie d'imputation
FBS;Nouveaux Bilans Alimentaire;167;Tchéquie;5511;Production;2734;Viande de Volailles;2017;2017;Milliers de tonnes;163;Im;Données de la FAO basées sur une méthodologie d'imputation
FBS;Nouveaux Bilans Alimentaire;167;Tchéquie;5142;Nourriture;2734;Viande de Volailles;2017;2017;Milliers de tonnes;234;Im;Données de la FAO basées sur une méthodologie d'imputation
FBS;Nouveaux Bilans Alimentaire;216;Thaïlande;5511;Production;2734;Viande de Volailles;2017;2017;Milliers de tonnes;1788;Im;Données de la FAO basées sur une méthodologie d'imputation
FBS;Nouveaux Bilans Alimentaire;216;Thaïlande;5142;Nourriture;2734;Viande de Volailles;2017;2017;Milliers de tonnes;907;Im;Données de la FAO basées sur une méthodologie d'imputation
FBS;Nouveaux Bilans Alimentaire;176;Timor-Leste;5511;Production;2734;Viande de Volailles;2017;2017;Milliers de tonnes;1;Im;Données de la FAO basées sur une méthodologie d'imputation
FBS;Nouveaux Bilans Alimentaire;176;Timor-Leste;5142;Nourriture;2734;Viande de Volailles;2017;2017;Milliers de tonnes;5;Im;Données de la FAO basées sur une méthodologie d'imputation
FBS;Nouveaux Bilans Alimentaire;217;Togo;5511;Production;2734;Viande de Volailles;2017;2017;Milliers de tonnes;35;Im;Données de la FAO basées sur une méthodologie d'imputation
FBS;Nouveaux Bilans Alimentaire;217;Togo;5142;Nourriture;2734;Viande de Volailles;2017;2017;Milliers de tonnes;54;Im;Données de la FAO basées sur une méthodologie d'imputation
FBS;Nouveaux Bilans Alimentaire;220;Trinité-et-Tobago;5511;Production;2734;Viande de Volailles;2017;2017;Milliers de tonnes;64;Im;Données de la FAO basées sur une méthodologie d'imputation
FBS;Nouveaux Bilans Alimentaire;220;Trinité-et-Tobago;5142;Nourriture;2734;Viande de Volailles;2017;2017;Milliers de tonnes;86;Im;Données de la FAO basées sur une méthodologie d'imputation
FBS;Nouveaux Bilans Alimentaire;222;Tunisie;5511;Production;2734;Viande de Volailles;2017;2017;Milliers de tonnes;215;Im;Données de la FAO basées sur une méthodologie d'imputation
FBS;Nouveaux Bilans Alimentaire;222;Tunisie;5142;Nourriture;2734;Viande de Volailles;2017;2017;Milliers de tonnes;195;Im;Données de la FAO basées sur une méthodologie d'imputation
FBS;Nouveaux Bilans Alimentaire;213;Turkménistan;5511;Production;2734;Viande de Volailles;2017;2017;Milliers de tonnes;21;Im;Données de la FAO basées sur une méthodologie d'imputation
FBS;Nouveaux Bilans Alimentaire;213;Turkménistan;5142;Nourriture;2734;Viande de Volailles;2017;2017;Milliers de tonnes;26;Im;Données de la FAO basées sur une méthodologie d'imputation
FBS;Nouveaux Bilans Alimentaire;223;Turquie;5511;Production;2734;Viande de Volailles;2017;2017;Milliers de tonnes;2192;Im;Données de la FAO basées sur une méthodologie d'imputation
FBS;Nouveaux Bilans Alimentaire;223;Turquie;5142;Nourriture;2734;Viande de Volailles;2017;2017;Milliers de tonnes;1760;Im;Données de la FAO basées sur une méthodologie d'imputation
FBS;Nouveaux Bilans Alimentaire;230;Ukraine;5511;Production;2734;Viande de Volailles;2017;2017;Milliers de tonnes;1211;Im;Données de la FAO basées sur une méthodologie d'imputation
FBS;Nouveaux Bilans Alimentaire;230;Ukraine;5142;Nourriture;2734;Viande de Volailles;2017;2017;Milliers de tonnes;1054;Im;Données de la FAO basées sur une méthodologie d'imputation
FBS;Nouveaux Bilans Alimentaire;234;Uruguay;5511;Production;2734;Viande de Volailles;2017;2017;Milliers de tonnes;33;Im;Données de la FAO basées sur une méthodologie d'imputation
FBS;Nouveaux Bilans Alimentaire;234;Uruguay;5142;Nourriture;2734;Viande de Volailles;2017;2017;Milliers de tonnes;32;Im;Données de la FAO basées sur une méthodologie d'imputation
FBS;Nouveaux Bilans Alimentaire;155;Vanuatu;5511;Production;2734;Viande de Volailles;2017;2017;Milliers de tonnes;1;Im;Données de la FAO basées sur une méthodologie d'imputation
FBS;Nouveaux Bilans Alimentaire;155;Vanuatu;5142;Nourriture;2734;Viande de Volailles;2017;2017;Milliers de tonnes;3;Im;Données de la FAO basées sur une méthodologie d'imputation
FBS;Nouveaux Bilans Alimentaire;236;Venezuela (République bolivarienne du);5511;Production;2734;Viande de Volailles;2017;2017;Milliers de tonnes;462;Im;Données de la FAO basées sur une méthodologie d'imputation
FBS;Nouveaux Bilans Alimentaire;236;Venezuela (République bolivarienne du);5142;Nourriture;2734;Viande de Volailles;2017;2017;Milliers de tonnes;486;Im;Données de la FAO basées sur une méthodologie d'imputation
FBS;Nouveaux Bilans Alimentaire;237;Viet Nam;5511;Production;2734;Viande de Volailles;2017;2017;Milliers de tonnes;892;Im;Données de la FAO basées sur une méthodologie d'imputation
FBS;Nouveaux Bilans Alimentaire;237;Viet Nam;5142;Nourriture;2734;Viande de Volailles;2017;2017;Milliers de tonnes;1443;Im;Données de la FAO basées sur une méthodologie d'imputation
FBS;Nouveaux Bilans Alimentaire;249;Yémen;5511;Production;2734;Viande de Volailles;2017;2017;Milliers de tonnes;170;Im;Données de la FAO basées sur une méthodologie d'imputation
FBS;Nouveaux Bilans Alimentaire;249;Yémen;5142;Nourriture;2734;Viande de Volailles;2017;2017;Milliers de tonnes;122;Im;Données de la FAO basées sur une méthodologie d'imputation
FBS;Nouveaux Bilans Alimentaire;251;Zambie;5511;Production;2734;Viande de Volailles;2017;2017;Milliers de tonnes;49;Im;Données de la FAO basées sur une méthodologie d'imputation
FBS;Nouveaux Bilans Alimentaire;251;Zambie;5142;Nourriture;2734;Viande de Volailles;2017;2017;Milliers de tonnes;56;Im;Données de la FAO basées sur une méthodologie d'imputation
FBS;Nouveaux Bilans Alimentaire;181;Zimbabwe;5511;Production;2734;Viande de Volailles;2017;2017;Milliers de tonnes;69;Im;Données de la FAO basées sur une méthodologie d'imputation
FBS;Nouveaux Bilans Alimentaire;181;Zimbabwe;5142;Nourriture;2734;Viande de Volailles;2017;2017;Milliers de tonnes;75;Im;Données de la FAO basées sur une méthodologie d'imputation